{"model_parameters": {"name": "MLP_1", "NN_architecture": "MLP", "input_size": 0, "state_size": 2, "mlp_hidden_sizes": [200, 200, 200, 200], "output_size": 2, "activation": "ReLU", "sample_time": 0.001}, "normalizer_params": {"params_x": {"min": [-2.99931644387737, -1.99486026780642], "max": [2.99500832706253, 1.99488052454684]}, "params_y": {"min": [-2.99931644387737, -1.99486026780642], "max": [2.99500832706253, 1.99488052454684]}}, "training_options": {"n_epochs": 200, "learning_rate": 0.001, "decay_rate": 0.995, "batch_size": 64, "mseloss_weights": [1, 1]}, "dataset_options": {"name": "pendulum", "lookback": 1, "add_sequence_dimension": false, "train_val_ratio": 0.8}}